{
    "Prince George": [53.9166, -122.75301], 
    "Smithers": [54.782356, -127.172073],
    "Whitehorse": [60.71611, -135.05375],
    "Watson Lake": [60.06349000, -128.70893000],
    "Dease Lake": [58.0499998, -129.8166634],
    "Fort Nelson": [58.80533, -122.7002],
    "High Level": [58.51688, -117.13605],
    "Stewart": [55.934829594, -129.987829382],
    "Fort St John": [56.24988, -120.85292],
    "Fort Mcmurray": [56.72676, -111.38103],
    "Mackenzie": [55.33637, -123.09374],
    "Sandspit": [53.23916571, -131.81916339],
    "Edmonton": [53.631611, -113.323975],
    "Williams Lake": [52.14153, -122.14451],
    "Jasper": [52.87927700, -118.07925600],
    "Blue River": [52.106506, -119.305031],
    "Port Hardy": [50.724444, -127.498056],
    "Kamloops": [50.676109, -120.340836],
    "Revelstoke": [50.98317, -118.2023],
    "Banff": [51.17622, -115.56982],
    "Tofino": [49.139666108, -125.88832978],
    "Whistler": [50.1164, -122.96946],
    "Hope": [49.38299, -121.44144],
    "Kelowna": [49.88307, -119.48568],
    "Osoyoos": [49.03306, -119.45237],
    "Castlegar": [49.29984, -117.66894],
    "Cranbrook": [49.49991, -115.76879],
    "Lethbridge": [49.69999, -112.81856],
    "Medicine Hat": [50.04066, -110.67914]
}